{
    "loss": 2.617826223373413,
    "accuracy": 0.5035971403121948
}