{
    "loss": 9.874429702758789,
    "accuracy": 0.5035971403121948
}